<?xml version="1.0" encoding="UTF-8"?>
<beans 
	xmlns="http://www.springframework.org/schema/beans"
	xmlns:context="http://www.springframework.org/schema/context"
	xmlns:tx="http://www.springframework.org/schema/tx"
    xmlns:xsi="http://www.w3.org/2001/XMLSchema-instance"
    xsi:schemaLocation="
        http://www.springframework.org/schema/beans http://www.springframework.org/schema/beans/spring-beans.xsd
        http://www.springframework.org/schema/context http://www.springframework.org/schema/context/spring-context.xsd
        http://www.springframework.org/schema/tx http://www.springframework.org/schema/tx/spring-tx.xsd">

	<context:component-scan base-package="com.cdac.dao, com.cdac.service" />
	
	<bean id="dataSource" class="org.apache.commons.dbcp2.BasicDataSource">
		<property name="driverClassName" value="com.mysql.cj.jdbc.Driver" />
  		<property name="url" value="jdbc:mysql://localhost:3306/training" />
  		<property name="username" value="root" />
  		<property name="password" value="root" />
  		<property name="initialSize" value="1" />
  	</bean>
	
	<bean id="myEmf" 
	  class="org.springframework.orm.jpa.LocalContainerEntityManagerFactoryBean">
	    <property name="dataSource" ref="dataSource" />
	    <property name="packagesToScan" value="com.cdac.entity" />
	    <property name="jpaVendorAdapter">
	        <bean class="org.springframework.orm.jpa.vendor.HibernateJpaVendorAdapter" />
	    </property>
	    <property name="jpaProperties">
	        <props>
	            <prop key="hibernate.hbm2ddl.auto">update</prop>
	            <prop key="hibernate.show_sql">true</prop>
	        </props>
	    </property>
	</bean>

	<bean id="transactionManager" class="org.springframework.orm.jpa.JpaTransactionManager">
    	<property name="entityManagerFactory" ref="myEmf" />
	</bean>

	<tx:annotation-driven />
	
</beans>